#SampleID	BarcodeSequence	LinkerPrimerSequence	date2	building	room	row	crate	gender
4001	CCGGTCCGGGCA	GTGTGYCAGCMGCCGCGGTAA	7-14	F1	10	3	4	M
4002	CAGCCGCATATC	GTGTGYCAGCMGCCGCGGTAA	7-14	F1	10	2	1	F
4003	GCGTCGGTACGG	GTGTGYCAGCMGCCGCGGTAA	7-14	F1	10	3	3	M
4004	AGTGACTGTCAA	GTGTGYCAGCMGCCGCGGTAA	7-14	F1	10	2	3	M
4005	CGTGTGTGCTCA	GTGTGYCAGCMGCCGCGGTAA	7-14	F1	10	2	3	F
4006	ACTTACGCCACG	GTGTGYCAGCMGCCGCGGTAA	7-14	F1	10	2	2	M
4007	GTAACCACCACC	GTGTGYCAGCMGCCGCGGTAA	7-14	F1	10	3	4	F
4008	CTGTGTCCATGG	GTGTGYCAGCMGCCGCGGTAA	7-14	F1	10	2	1	M
4009	TGAAGTCACAGT	GTGTGYCAGCMGCCGCGGTAA	7-14	F1	10	2	3	M
4010	GACCGATAGGGA	GTGTGYCAGCMGCCGCGGTAA	7-14	F1	10	3	1	M
4011	GATGAGTCGCGG	GTGTGYCAGCMGCCGCGGTAA	7-14	F1	10	3	3	F
4012	GTGCTCTGTGCC	GTGTGYCAGCMGCCGCGGTAA	7-14	F1	10	3	4	M
4013	TAACACACTTAT	GTGTGYCAGCMGCCGCGGTAA	7-14	F1	10	3	4	F
4014	GTGTTTAACTCT	GTGTGYCAGCMGCCGCGGTAA	7-14	F1	10	3	4	M
4015	GCCCGACATATA	GTGTGYCAGCMGCCGCGGTAA	7-14	F1	10	3	3	F
4016	AGTACTGCCTGC	GTGTGYCAGCMGCCGCGGTAA	6-29	F4	3	2	2	F
4017	AGCTAAATGGAT	GTGTGYCAGCMGCCGCGGTAA	7-14	F1	10	2	1	M
4018	AGTTACGAGCTA	GTGTGYCAGCMGCCGCGGTAA	7-14	F1	10	3	4	F
4019	TCTATTGTTAGA	GTGTGYCAGCMGCCGCGGTAA	7-14	F1	10	2	3	F
4020	TCAATACAATAT	GTGTGYCAGCMGCCGCGGTAA	7-14	F1	10	2	2	M
4021	GAATACCAAGTC	GTGTGYCAGCMGCCGCGGTAA	7-14	F1	10	2	1	F
4022	CATGTGCTTAGG	GTGTGYCAGCMGCCGCGGTAA	7-14	F1	10	2	2	F
4023	TGACCTCAAGAC	GTGTGYCAGCMGCCGCGGTAA	7-14	F1	10	3	1	F
4024	GAACGTCCGGAG	GTGTGYCAGCMGCCGCGGTAA	7-14	F1	10	2	1	F
4025	CTTGCATACCGG	GTGTGYCAGCMGCCGCGGTAA	7-14	F1	10	2	1	M
4026	CTGTCCCGCAGT	GTGTGYCAGCMGCCGCGGTAA	7-14	F1	10	2	3	M
4027	GACGATCGGGCC	GTGTGYCAGCMGCCGCGGTAA	7-14	F1	10	3	1	M
4028	GGTTGTAAGTGT	GTGTGYCAGCMGCCGCGGTAA	7-14	F1	10	2	2	M
4029	CATGGGTGTTAC	GTGTGYCAGCMGCCGCGGTAA	7-14	F1	10	3	1	F
4030	GTGCATTCGCCA	GTGTGYCAGCMGCCGCGGTAA	7-14	F1	10	3	3	F
4031	CGATCCGATCTG	GTGTGYCAGCMGCCGCGGTAA	7-14	F1	10	3	3	NA
4032	TCCTGAACACAG	GTGTGYCAGCMGCCGCGGTAA	7-14	F1	10	2	2	M
4033	TAAACGCGACTC	GTGTGYCAGCMGCCGCGGTAA	7-20	F1	10	3	13	F
4034	ACCTAGCTAGTG	GTGTGYCAGCMGCCGCGGTAA	7-20	F1	10	3	14	M
4035	CCAGTTCCAAAG	GTGTGYCAGCMGCCGCGGTAA	7-20	F1	11	4	12	M
4036	CAGAGTGCCGGC	GTGTGYCAGCMGCCGCGGTAA	7-20	F1	11	4	14	M
4037	GGCCTGGCCTGG	GTGTGYCAGCMGCCGCGGTAA	7-20	F1	10	2	14	M
4038	AGCAAGGTCTTC	GTGTGYCAGCMGCCGCGGTAA	7-20	F1	10	1	14	M
4039	TACCGGCTTGCA	GTGTGYCAGCMGCCGCGGTAA	7-20	F1	11	4	13	F
4040	AATGATAGATGC	GTGTGYCAGCMGCCGCGGTAA	7-20	F1	11	4	14	F
4041	AATCAACTAGGC	GTGTGYCAGCMGCCGCGGTAA	7-20	F1	10	2	13	F
4042	CTATGGTGAACC	GTGTGYCAGCMGCCGCGGTAA	7-14	F1	10	3	1	M
4043	ATCTAAGTTACT	GTGTGYCAGCMGCCGCGGTAA	7-20	F1	11	4	14	M
4044	TCGGGTGAGGCC	GTGTGYCAGCMGCCGCGGTAA	7-20	F1	11	4	14	F
4045	ACGATCATCTGG	GTGTGYCAGCMGCCGCGGTAA	7-20	F1	11	4	13	M
4046	GTGGATAAACTC	GTGTGYCAGCMGCCGCGGTAA	7-20	F1	11	4	12	F
4047	CAAGAGCGGATG	GTGTGYCAGCMGCCGCGGTAA	7-20	F1	11	4	12	F
4048	GATTGAACGCTA	GTGTGYCAGCMGCCGCGGTAA	7-20	F1	10	1	14	F
4049	GAGCACGCACGC	GTGTGYCAGCMGCCGCGGTAA	7-20	F1	10	2	14	M
4050	CGGCTACTATGC	GTGTGYCAGCMGCCGCGGTAA	7-20	F1	10	1	14	F
4051	CAATACGACCGT	GTGTGYCAGCMGCCGCGGTAA	7-20	F1	10	2	13	M
4052	GACGAGGTCGGT	GTGTGYCAGCMGCCGCGGTAA	7-20	F1	10	2	14	M
4053	ACAAGGCAAGGC	GTGTGYCAGCMGCCGCGGTAA	7-20	F1	10	1	14	M
4054	GCTATCAAGACA	GTGTGYCAGCMGCCGCGGTAA	7-20	F1	10	3	13	F
4055	GTCCGCAAGTTA	GTGTGYCAGCMGCCGCGGTAA	7-20	F1	10	3	13	M
4056	CAACACATGCTG	GTGTGYCAGCMGCCGCGGTAA	7-20	F1	10	2	13	M
4057	CATACCGTGAGT	GTGTGYCAGCMGCCGCGGTAA	7-20	F1	11	4	13	F
4058	GTCCATGGTTCG	GTGTGYCAGCMGCCGCGGTAA	7-20	F1	10	3	13	M
4059	ACCATTACCATT	GTGTGYCAGCMGCCGCGGTAA	7-20	F1	10	2	13	F
4060	TGGTAAGAGTCT	GTGTGYCAGCMGCCGCGGTAA	7-20	F1	11	4	13	M
4061	CCAGCCTTCAGA	GTGTGYCAGCMGCCGCGGTAA	7-20	F1	10	1	14	F
4062	ATTCAGATGGCA	GTGTGYCAGCMGCCGCGGTAA	7-20	F1	10	2	14	F
4063	TTATTCTCTAGG	GTGTGYCAGCMGCCGCGGTAA	7-20	F1	11	1	14	F
4064	TTCGTGAGGATA	GTGTGYCAGCMGCCGCGGTAA	7-20	F1	10	3	14	M
4065	GCGTCATGCATC	GTGTGYCAGCMGCCGCGGTAA	7-20	F1	9	4	14	F
4066	CCTCGGGTACTA	GTGTGYCAGCMGCCGCGGTAA	7-20	F1	10	3	14	F
4067	CTACTAGCGGTA	GTGTGYCAGCMGCCGCGGTAA	7-20	F1	10	3	13	F
4068	CGATTTAGGCCA	GTGTGYCAGCMGCCGCGGTAA	7-20	F1	9	2	14	M
4069	GCTTGGTAGGTT	GTGTGYCAGCMGCCGCGGTAA	7-20	F1	9	3	14	M
4070	AGGCGCTCTCCT	GTGTGYCAGCMGCCGCGGTAA	7-20	F1	9	1	14	M
4071	ACCTGATCCGCA	GTGTGYCAGCMGCCGCGGTAA	7-20	F1	10	3	14	M
4072	GAGATTTAAGCA	GTGTGYCAGCMGCCGCGGTAA	7-20	F1	9	1	14	F
4073	TGGGTCCCACAT	GTGTGYCAGCMGCCGCGGTAA	7-20	F1	9	3	14	F
4074	ATTCTGCCGAAG	GTGTGYCAGCMGCCGCGGTAA	7-20	F1	10	4	14	F
4075	TTGCCTGGGTCA	GTGTGYCAGCMGCCGCGGTAA	7-20	F1	10	4	14	M
4076	TCGTAAGCCGTC	GTGTGYCAGCMGCCGCGGTAA	7-20	F1	9	1	14	M
4077	ATTAGATTGGAG	GTGTGYCAGCMGCCGCGGTAA	7-20	F1	9	3	14	M
4078	TTAGCCCAGCGT	GTGTGYCAGCMGCCGCGGTAA	7-20	F1	10	4	14	F
4079	ACTAGGATCAGT	GTGTGYCAGCMGCCGCGGTAA	7-20	F1	9	4	14	M
4080	TACACCTTACCT	GTGTGYCAGCMGCCGCGGTAA	7-20	F1	9	2	14	F
4081	AGTGTCGATTCG	GTGTGYCAGCMGCCGCGGTAA	7-20	F1	9	4	14	M
4082	ATCTCGCTGGGT	GTGTGYCAGCMGCCGCGGTAA	7-20	F1	9	2	14	F
4083	ATTCCATTTAGA	GTGTGYCAGCMGCCGCGGTAA	7-20	F1	11	4	12	F
4084	CTGCTGGGAAGG	GTGTGYCAGCMGCCGCGGTAA	7-20	F1	9	3	14	F
4085	TCCTCTTTGGTC	GTGTGYCAGCMGCCGCGGTAA	7-20	F1	9	2	14	M
4086	CAGACTTTCATT	GTGTGYCAGCMGCCGCGGTAA	7-20	F1	9	4	14	M
4087	CTTTGGGCCGCT	GTGTGYCAGCMGCCGCGGTAA	7-20	F1	9	1	14	F
4088	TCCTCGAGCGAT	GTGTGYCAGCMGCCGCGGTAA	7-20	F1	9	3	14	M
4089	GTAGATCGTGTA	GTGTGYCAGCMGCCGCGGTAA	6-29	F4	3	2	11	M
4090	GGAAGAAGTAGC	GTGTGYCAGCMGCCGCGGTAA	6-29	F4	3	2	9	F
4091	ATGAAGCACTGT	GTGTGYCAGCMGCCGCGGTAA	6-29	F4	3	2	5	F
4092	TCGTTCAGGACC	GTGTGYCAGCMGCCGCGGTAA	6-29	F4	3	2	1	M
4093	CGTCGATTGCAC	GTGTGYCAGCMGCCGCGGTAA	6-29	F4	3	2	1	F
4094	CGAACAGAGCGC	GTGTGYCAGCMGCCGCGGTAA	6-29	F4	3	2	13	F
4095	GCCGACGTGCCG	GTGTGYCAGCMGCCGCGGTAA	6-29	F4	3	2	3	F
4096	GTGCTGCGCTTA	GTGTGYCAGCMGCCGCGGTAA	6-29	F4	3	2	1	F
4097	TACGCAGCACTA	GTGTGYCAGCMGCCGCGGTAA	6-29	F4	3	2	6	F
4098	TGACAACCGAAT	GTGTGYCAGCMGCCGCGGTAA	6-29	F4	3	2	6	M
4099	GCCGGTACTCTA	GTGTGYCAGCMGCCGCGGTAA	6-29	F4	3	2	4	M
4100	CTATTAAGCGGC	GTGTGYCAGCMGCCGCGGTAA	6-29	F4	3	2	14	M
4101	CCTCGTCGTCAG	GTGTGYCAGCMGCCGCGGTAA	6-29	F4	3	2	4	M
4102	AAGCTCTCCCAG	GTGTGYCAGCMGCCGCGGTAA	6-29	F4	3	2	11	F
4103	CGGACTCGTTAC	GTGTGYCAGCMGCCGCGGTAA	6-29	F4	3	2	7	M
4104	CAGACGAGGAAC	GTGTGYCAGCMGCCGCGGTAA	6-29	F4	3	2	3	M
4105	CTCGATGTAAGC	GTGTGYCAGCMGCCGCGGTAA	6-29	F4	3	2	14	F
4106	TCTGAATGGTAG	GTGTGYCAGCMGCCGCGGTAA	6-29	F4	3	2	13	F
4107	CAGGGAGGATCC	GTGTGYCAGCMGCCGCGGTAA	6-29	F4	3	2	12	M
4108	GGACTATCGTTG	GTGTGYCAGCMGCCGCGGTAA	6-29	F4	3	2	2	F
4109	TTCGCAGATACG	GTGTGYCAGCMGCCGCGGTAA	6-29	F4	3	2	2	M
4110	AACACATGGGTT	GTGTGYCAGCMGCCGCGGTAA	6-29	F4	3	2	6	M
4111	AAGCACGTCTCA	GTGTGYCAGCMGCCGCGGTAA	6-29	F4	3	2	1	M
4112	CAAGCCCTAGTA	GTGTGYCAGCMGCCGCGGTAA	6-29	F4	3	2	2	M
4113	CATTAGCTGGAA	GTGTGYCAGCMGCCGCGGTAA	6-29	F4	3	2	9	M
4114	GGATCAGCCGCG	GTGTGYCAGCMGCCGCGGTAA	6-29	F4	3	2	1	F
4115	GACGGCTATGTT	GTGTGYCAGCMGCCGCGGTAA	6-29	F4	3	2	4	F
4116	GACTTCATGCGA	GTGTGYCAGCMGCCGCGGTAA	6-29	F4	3	2	12	M
4117	CAAATCATTTCA	GTGTGYCAGCMGCCGCGGTAA	6-29	F4	3	2	1	F
4118	ATCTGTTACAAT	GTGTGYCAGCMGCCGCGGTAA	6-29	F4	3	2	12	M
4119	CACCTTACCTTA	GTGTGYCAGCMGCCGCGGTAA	6-29	F4	3	2	5	M
4120	CGCTCGACTCCA	GTGTGYCAGCMGCCGCGGTAA	6-29	F4	3	2	3	F
4121	TGGAGAGGAGAT	GTGTGYCAGCMGCCGCGGTAA	6-29	F4	3	2	6	M
4122	CGTACCAGATCC	GTGTGYCAGCMGCCGCGGTAA	6-29	F4	3	2	5	M
4123	CCTGGAATTAAG	GTGTGYCAGCMGCCGCGGTAA	6-29	F4	3	2	6	F
4124	ATTAACTCCTAC	GTGTGYCAGCMGCCGCGGTAA	6-29	F4	3	2	7	F
4125	TGTCCTATCAAT	GTGTGYCAGCMGCCGCGGTAA	6-29	F4	3	2	4	M
4126	TCTAAGAAAGAA	GTGTGYCAGCMGCCGCGGTAA	6-29	F4	3	2	7	M
4127	GGCATGTTATCG	GTGTGYCAGCMGCCGCGGTAA	6-29	F4	3	2	12	F
4128	TTGCAAGTACCG	GTGTGYCAGCMGCCGCGGTAA	6-29	F4	3	2	1	F
4129	ATTATCGTCCCT	GTGTGYCAGCMGCCGCGGTAA	6-29	F4	3	2	12	M
4130	TGGGCCGGAATG	GTGTGYCAGCMGCCGCGGTAA	6-29	F4	3	1	10	M
4131	ATATATAGTATC	GTGTGYCAGCMGCCGCGGTAA	6-29	F4	3	2	11	F
4132	CAGCGTTTAGCC	GTGTGYCAGCMGCCGCGGTAA	6-29	F4	3	2	3	M
4133	GCGCGAATGGTG	GTGTGYCAGCMGCCGCGGTAA	6-29	F4	3	2	11	M
4134	TACATATCTACA	GTGTGYCAGCMGCCGCGGTAA	6-29	F4	3	2	5	F
4135	TCTAGGTTATTC	GTGTGYCAGCMGCCGCGGTAA	6-29	F4	3	2	3	M
4136	TGTCTACATACT	GTGTGYCAGCMGCCGCGGTAA	6-29	F4	3	2	4	M
4137	GCCGCTCTTTGG	GTGTGYCAGCMGCCGCGGTAA	6-29	F4	3	1	13	M
4138	TAGGCTCGTGCT	GTGTGYCAGCMGCCGCGGTAA	6-29	F4	3	2	10	F
4139	CGCACAGCAAGG	GTGTGYCAGCMGCCGCGGTAA	6-29	F4	3	2	5	F
4140	TGAACGTTGGAT	GTGTGYCAGCMGCCGCGGTAA	6-29	F4	3	2	3	M
4141	CTACAATTGAGG	GTGTGYCAGCMGCCGCGGTAA	6-29	F4	3	2	6	F
4142	ATAATAACTTGT	GTGTGYCAGCMGCCGCGGTAA	6-29	F4	3	1	11	M
4143	TAGACACCGTGT	GTGTGYCAGCMGCCGCGGTAA	6-29	F4	3	1	14	M
4144	TCCTTAGAAGGC	GTGTGYCAGCMGCCGCGGTAA	6-29	F4	3	2	10	M
4145	GGTTTGCACATG	GTGTGYCAGCMGCCGCGGTAA	6-29	F4	3	2	14	M
4146	GCCTCGTACTGA	GTGTGYCAGCMGCCGCGGTAA	6-29	F4	3	1	14	M
4147	GGTTTAACACGC	GTGTGYCAGCMGCCGCGGTAA	6-29	F4	3	2	11	M
4148	ACGGACTGGCGC	GTGTGYCAGCMGCCGCGGTAA	6-29	F4	3	2	14	M
4149	GATCTTGTTTGT	GTGTGYCAGCMGCCGCGGTAA	6-29	F4	3	2	7	M
4150	CATACTTGTCTA	GTGTGYCAGCMGCCGCGGTAA	6-29	F4	3	1	14	F
4151	GCGGATGCGGAT	GTGTGYCAGCMGCCGCGGTAA	6-29	F4	3	2	9	M
4152	ACAGCATAGCTC	GTGTGYCAGCMGCCGCGGTAA	6-29	F4	3	2	4	F
4153	CTGGAACATTAG	GTGTGYCAGCMGCCGCGGTAA	6-29	F4	3	1	12	F
4154	GCCCGGACGCGT	GTGTGYCAGCMGCCGCGGTAA	6-29	F4	3	2	10	M
4155	TGAGGTTTGATG	GTGTGYCAGCMGCCGCGGTAA	6-29	F4	3	1	11	M
4156	TCGGTTACGCTG	GTGTGYCAGCMGCCGCGGTAA	6-29	F4	3	1	12	M
4157	CCTTCAATGGGA	GTGTGYCAGCMGCCGCGGTAA	6-29	F4	3	2	10	F
4158	ACGCAGGTGAGC	GTGTGYCAGCMGCCGCGGTAA	6-29	F4	3	1	12	M
4159	CGGAAACTCCAT	GTGTGYCAGCMGCCGCGGTAA	6-29	F4	3	1	12	M
4160	AACGACACGCTT	GTGTGYCAGCMGCCGCGGTAA	6-29	F4	3	2	7	F
4161	GCGTAGAGAGAC	GTGTGYCAGCMGCCGCGGTAA	6-29	F4	3	2	10	M
4162	ACTCATCTTCCA	GTGTGYCAGCMGCCGCGGTAA	6-29	F4	3	1	10	M
4163	TCGGCCGTTCCA	GTGTGYCAGCMGCCGCGGTAA	6-29	F4	3	1	12	M
4164	ATGTGAATGTGA	GTGTGYCAGCMGCCGCGGTAA	6-29	F4	3	1	13	M
4165	CGACATTTCTCT	GTGTGYCAGCMGCCGCGGTAA	6-29	F4	3	2	14	M
4166	CCAACGTAACCA	GTGTGYCAGCMGCCGCGGTAA	6-29	F4	3	2	10	F
4167	TCTTGACTTGAT	GTGTGYCAGCMGCCGCGGTAA	6-29	F4	3	1	10	F
4168	ATCGGCTTCCGA	GTGTGYCAGCMGCCGCGGTAA	6-29	F4	3	2	12	F
4169	CCTCCTAATTCA	GTGTGYCAGCMGCCGCGGTAA	6-29	F4	3	1	14	F
4170	TGATTGTCATCT	GTGTGYCAGCMGCCGCGGTAA	6-29	F4	3	2	14	M
4171	TTGCATATGATT	GTGTGYCAGCMGCCGCGGTAA	6-29	F4	3	1	12	F
4172	CTTGTTGTTCTG	GTGTGYCAGCMGCCGCGGTAA	6-29	F4	3	2	4	M
4173	ATTACCCACAGG	GTGTGYCAGCMGCCGCGGTAA	6-29	F4	3	1	11	M
4174	GGATGTCTTCGC	GTGTGYCAGCMGCCGCGGTAA	6-29	F4	3	1	14	M
4175	CGTGTCCGTGTC	GTGTGYCAGCMGCCGCGGTAA	6-29	F4	3	2	7	F
4176	CTTGGTAGTGCC	GTGTGYCAGCMGCCGCGGTAA	6-29	F4	3	1	14	F
4177	TTGTTGATGGAG	GTGTGYCAGCMGCCGCGGTAA	7-6	F1	2	4	8	F
4178	TAGTGCATTCGG	GTGTGYCAGCMGCCGCGGTAA	7-6	F1	2	4	4	F
4179	AATATGAGACCA	GTGTGYCAGCMGCCGCGGTAA	7-6	F1	2	4	6	M
4180	TCGCGATCGTCC	GTGTGYCAGCMGCCGCGGTAA	7-6	F1	2	4	4	F
4181	GTCACATCACGA	GTGTGYCAGCMGCCGCGGTAA	7-6	F1	2	4	2	F
4182	CGGTACCTACCA	GTGTGYCAGCMGCCGCGGTAA	7-6	F1	2	4	8	M
4183	ATTTCACAAATC	GTGTGYCAGCMGCCGCGGTAA	7-6	F1	2	4	4	M
4184	CAAAGTTTGCGA	GTGTGYCAGCMGCCGCGGTAA	7-6	F1	2	4	7	M
4185	ACACAGTCCTGA	GTGTGYCAGCMGCCGCGGTAA	7-6	F1	2	4	2	F
4186	TTCTAACTGTAC	GTGTGYCAGCMGCCGCGGTAA	7-6	F1	2	4	5	M
4187	CAGAGCTAATTG	GTGTGYCAGCMGCCGCGGTAA	7-6	F1	2	4	3	F
4188	AGCACGAGCACG	GTGTGYCAGCMGCCGCGGTAA	7-6	F1	2	4	11	F
4189	GCCCAAGTTCAC	GTGTGYCAGCMGCCGCGGTAA	7-6	F1	2	4	9	M
4190	AGCGTCTGAACT	GTGTGYCAGCMGCCGCGGTAA	7-6	F1	2	4	8	M
4191	AGGTTGCTGTAA	GTGTGYCAGCMGCCGCGGTAA	7-6	F1	2	4	6	M
4192	TTGCTATCATAA	GTGTGYCAGCMGCCGCGGTAA	7-6	F1	2	4	8	M
4193	TCTCACTGTTCC	GTGTGYCAGCMGCCGCGGTAA	7-6	F1	2	4	4	M
4194	GGACACCGCCCG	GTGTGYCAGCMGCCGCGGTAA	7-6	F1	2	4	2	M
4195	TTGTCTACCTAC	GTGTGYCAGCMGCCGCGGTAA	7-6	F1	2	4	12	M
4196	GGAGAGATCACG	GTGTGYCAGCMGCCGCGGTAA	7-6	F1	2	4	7	M
4197	CCACACGTTTGG	GTGTGYCAGCMGCCGCGGTAA	7-6	F1	2	4	6	F
4198	CGAGCCTGGCAG	GTGTGYCAGCMGCCGCGGTAA	7-6	F1	2	4	2	F
4199	AGTCATCGAATG	GTGTGYCAGCMGCCGCGGTAA	7-6	F1	2	4	5	F
4200	AGGTTCTTAGGC	GTGTGYCAGCMGCCGCGGTAA	7-6	F1	2	4	3	F
4201	GGTCCACCTAAC	GTGTGYCAGCMGCCGCGGTAA	7-6	F1	2	4	12	M
4202	TAACGGCGCTCT	GTGTGYCAGCMGCCGCGGTAA	7-6	F1	2	4	3	M
4203	TGATAGGTACAC	GTGTGYCAGCMGCCGCGGTAA	7-6	F1	2	4	5	M
4204	GGTGGCATGGAA	GTGTGYCAGCMGCCGCGGTAA	7-6	F1	2	4	3	F
4205	TTCGCGTCGCAC	GTGTGYCAGCMGCCGCGGTAA	7-6	F1	2	4	5	M
4206	GGTAGGAATTTA	GTGTGYCAGCMGCCGCGGTAA	7-6	F1	2	4	4	F
4207	CGTACTCTCGAG	GTGTGYCAGCMGCCGCGGTAA	7-6	F1	2	4	5	M
4208	CACCCGATGGTT	GTGTGYCAGCMGCCGCGGTAA	7-6	F1	2	4	8	F
4209	TCTAGTAGTTAT	GTGTGYCAGCMGCCGCGGTAA	7-6	F1	2	4	4	M
4210	CACGACTTGACA	GTGTGYCAGCMGCCGCGGTAA	7-6	F1	2	4	11	M
4211	CTCCTCCCTTAC	GTGTGYCAGCMGCCGCGGTAA	7-6	F1	2	4	6	M
4212	TCTTTATGTCGA	GTGTGYCAGCMGCCGCGGTAA	7-6	F1	2	4	3	M
4213	GTAACTCAACAG	GTGTGYCAGCMGCCGCGGTAA	7-6	F1	2	4	7	F
4214	TCAGCAAATGGT	GTGTGYCAGCMGCCGCGGTAA	7-6	F1	2	4	6	M
4215	TAATAACTTTGA	GTGTGYCAGCMGCCGCGGTAA	7-6	F1	2	3	3	F
4216	CAACGTGCTCCA	GTGTGYCAGCMGCCGCGGTAA	7-6	F1	2	3	10	M
4217	ATGCTCTAGAGA	GTGTGYCAGCMGCCGCGGTAA	7-6	F1	2	3	4	M
4218	CGTAACGTAATG	GTGTGYCAGCMGCCGCGGTAA	7-6	F1	2	3	7	F
4219	AACACGGTTTGA	GTGTGYCAGCMGCCGCGGTAA	7-6	F1	2	3	11	F
4220	CTAGGTCCGACT	GTGTGYCAGCMGCCGCGGTAA	7-6	F1	2	3	3	F
4221	GATACGTTCGCA	GTGTGYCAGCMGCCGCGGTAA	7-6	F1	2	4	11	M
4222	CGGCACTATCAC	GTGTGYCAGCMGCCGCGGTAA	7-6	F1	2	3	4	F
4223	CAGAACATAGAT	GTGTGYCAGCMGCCGCGGTAA	7-6	F1	2	4	6	F
4224	CCAATTTGTACT	GTGTGYCAGCMGCCGCGGTAA	7-6	F1	2	4	8	F
4225	TGCGAAGCGCGC	GTGTGYCAGCMGCCGCGGTAA	7-6	F1	2	4	12	M
4226	TCCGAGTCACCA	GTGTGYCAGCMGCCGCGGTAA	7-6	F1	2	3	3	M
4227	GCCTGTCTGCAA	GTGTGYCAGCMGCCGCGGTAA	7-6	F1	2	4	9	F
4228	AGGCCTTGGGCG	GTGTGYCAGCMGCCGCGGTAA	7-6	F1	2	3	12	F
4229	ACCGCATCAATG	GTGTGYCAGCMGCCGCGGTAA	7-6	F1	2	3	7	F
4230	TGCATACACTGG	GTGTGYCAGCMGCCGCGGTAA	7-6	F1	2	4	2	M
4231	CTCCGGCACCAT	GTGTGYCAGCMGCCGCGGTAA	7-6	F1	2	3	2	F
4232	ATGGTATATATT	GTGTGYCAGCMGCCGCGGTAA	7-6	F1	2	4	9	F
4233	AGTGCCCTTGGT	GTGTGYCAGCMGCCGCGGTAA	7-6	F1	2	3	5	F
4234	GGATTGATAGTA	GTGTGYCAGCMGCCGCGGTAA	7-6	F1	2	3	11	M
4235	TGTCAGCTGTCG	GTGTGYCAGCMGCCGCGGTAA	7-6	F1	2	3	4	M
4236	CCTAGCCCTAGC	GTGTGYCAGCMGCCGCGGTAA	7-6	F1	2	3	3	M
4237	AATGGCGACTAT	GTGTGYCAGCMGCCGCGGTAA	7-6	F1	2	3	7	M
4238	TGTCCAGTTCGG	GTGTGYCAGCMGCCGCGGTAA	7-6	F1	2	4	11	M
4239	ACACAAGAAGTT	GTGTGYCAGCMGCCGCGGTAA	7-6	F1	2	4	12	M
4240	CTATACGCGAAC	GTGTGYCAGCMGCCGCGGTAA	7-6	F1	2	3	10	M
4241	TCCCTGCGGTGT	GTGTGYCAGCMGCCGCGGTAA	7-6	F1	2	4	12	M
4242	ACGGATGTTATG	GTGTGYCAGCMGCCGCGGTAA	6-22	F3	2	2	6	M
4243	CCTGTGTTGGTG	GTGTGYCAGCMGCCGCGGTAA	6-22	F3	2	2	7	M
4244	GTGAGATACCTA	GTGTGYCAGCMGCCGCGGTAA	6-22	F3	2	2	6	F
4245	GAGTTGTACGAT	GTGTGYCAGCMGCCGCGGTAA	6-22	F3	2	2	6	NA
4246	AAGGTTCCGATA	GTGTGYCAGCMGCCGCGGTAA	6-22	F3	2	2	6	F