,Name,Plant_ID,Type,Experiment,Cohort,Harvested,Age,Site,Treatment,Line,Genotype,Block
M1551P81,8_1382.root,8_1382,root,ecotypes,2008,2011,3,Jam,field,MIL.70.A,MIL,8_29
M1551P29,8_0897.root,8_0897,root,ecotypes,2008,2011,3,Sil,field,MAH.46.A,MAH,8_19
M1551P90,8_0656.root,8_0656,root,ecotypes,2008,2011,3,Sil,field,MAH.38.B,MAH,8_14
M1551P48,8_1013.root,8_1013,root,ecotypes,2008,2011,3,Jam,field,PAR.22.A2,PAR,8_22
M1551P52,8_0715.leaf,8_0715,leaf,ecotypes,2008,2011,3,Par,field,PAR.9.A1,PAR,8_15
M1551P31,8_1048.root,8_1048,root,ecotypes,2008,2011,3,Jam,field,SILLow.2,SIL,8_22
M1551P77,8_0008.root,8_0008,root,ecotypes,2008,2011,3,Par,field,MIL.53.A,MIL,8_01
M1551P37,8_0609.root,8_0609,root,ecotypes,2008,2011,3,Jam,field,SILLow.2,SIL,8_13
M1551P40,8_0019.leaf,8_0019,leaf,ecotypes,2008,2011,3,Par,field,MAH.16.A,MAH,8_01
M1551P72,8_0101.leaf,8_0101,leaf,ecotypes,2008,2011,3,Mil,field,MIL.60.A,MIL,8_03
M1551P67,8_0608.root,8_0608,root,ecotypes,2008,2011,3,Jam,field,MAH.16.A,MAH,8_13
M1551P10,8_0351.leaf,8_0351,leaf,ecotypes,2008,2011,3,Mil,field,MAH.13.A,MAH,8_08
M1551P73,8_0297.root,8_0297,root,ecotypes,2008,2011,3,Jam,field,JAM.22.A,JAM,8_07
M1551P92,8_0593.root,8_0593,root,ecotypes,2008,2011,3,Jam,field,PAR.10.A6,PAR,8_13
M1551P21,8_0203.root,8_0203,root,ecotypes,2008,2011,3,Sil,field,MAH.5.A,MAH,8_05
M1551P68,8_0714.leaf,8_0714,leaf,ecotypes,2008,2011,3,Par,field,MIL.53.A,MIL,8_15
M1551P8,8_0024.leaf,8_0024,leaf,ecotypes,2008,2011,3,Par,field,MAH.8.A1,MAH,8_01
M1551P83,8_0196.root,8_0196,root,ecotypes,2008,2011,3,Sil,field,PAR.13.A,PAR,8_05
M1551P80,8_1047.root,8_1047,root,ecotypes,2008,2011,3,Jam,field,MAH.48.A,MAH,8_22
M1551P56,8_0452.leaf,8_0452,leaf,ecotypes,2008,2011,3,Par,field,MAH.13.A,MAH,8_10
M1554P130,8_1064.root,8_1064,root,ecotypes,2008,2011,3,Sil,field,PAR.29.B2,PAR,8_23
M1554P182,8_0167.root,8_0167,root,ecotypes,2008,2011,3,Jam,field,PAR.17.A1,PAR,8_04
M1554P102,8_1400.leaf,8_1400,leaf,ecotypes,2008,2011,3,Mil,field,MAH.16.A,MAH,8_30
M1554P103,8_1368.root,8_1368,root,ecotypes,2008,2011,3,Jam,field,JAM.15.A,JAM,8_29
M1554P117,8_0677.leaf,8_0677,leaf,ecotypes,2008,2011,3,Par,field,JAM.26.A,JAM,8_15
M1554P119,8_1069.root,8_1069,root,ecotypes,2008,2011,3,Sil,field,JAM.40.A,JAM,8_23
M1554P126,8_0942.leaf,8_0942,leaf,ecotypes,2008,2011,3,Mil,field,MIL.53.A,MIL,8_20
M1554P140,8_0358.leaf,8_0358,leaf,ecotypes,2008,2011,3,Mil,field,SILLow.2,SIL,8_08
M1554P144,8_0114.leaf,8_0114,leaf,ecotypes,2008,2011,3,Mil,field,MIL.21.B2,MIL,8_03
M1554P157,8_0500.leaf,8_0500,leaf,ecotypes,2008,2011,3,Mil,field,MAH.16.A,MAH,8_11
M1554P171,8_0914.leaf,8_0914,leaf,ecotypes,2008,2011,3,Mil,field,MIL.32.A1,MIL,8_20
M1554P184,8_0898.root,8_0898,root,ecotypes,2008,2011,3,Sil,field,SILLow.2,SIL,8_19
M1554P153,8_0019.root,8_0019,root,ecotypes,2008,2011,3,Par,field,MAH.16.A,MAH,8_01
M1554P138,8_0318.root,8_0318,root,ecotypes,2008,2011,3,Jam,field,JAM.40.A,JAM,8_07
M1554P132,8_0589.root,8_0589,root,ecotypes,2008,2011,3,Jam,field,JAM.6.A,JAM,8_13
M1554P179,8_1388.root,8_1388,root,ecotypes,2008,2011,3,Jam,field,SILLow.7,SIL,8_29
M1554P101,8_0370.leaf,8_0370,leaf,ecotypes,2008,2011,3,Mil,field,MIL.32.A1,MIL,8_08
M1554P160,8_1203.root,8_1203,root,ecotypes,2008,2011,3,Sil,field,MAH.38.B,MAH,8_26
M1554P128,8_0790.root,8_0790,root,ecotypes,2008,2011,3,Jam,field,PAR.13.A,PAR,8_17
M1554P175,8_1204.root,8_1204,root,ecotypes,2008,2011,3,Sil,field,SILLow.8,SIL,8_26
M1554P161,8_0032.root,8_0032,root,ecotypes,2008,2011,3,Par,field,MIL.24.A,MIL,8_01
M1555P214,8_0204.root,8_0204,root,ecotypes,2008,2011,3,Sil,field,JAM.6.A,JAM,8_05
M1555P216,8_1378.root,8_1378,root,ecotypes,2008,2011,3,Jam,field,MAH.16.A,MAH,8_29
M1555P221,8_0157.root,8_0157,root,ecotypes,2008,2011,3,Jam,field,MIL.54.A,MIL,8_04
M1555P228,8_0679.root,8_0679,root,ecotypes,2008,2011,3,Par,field,JAM.7.B,JAM,8_15
M1555P231,8_0327.root,8_0327,root,ecotypes,2008,2011,3,Jam,field,PAR.22.A2,PAR,8_07
M1555P250,8_1140.leaf,8_1140,leaf,ecotypes,2008,2011,3,Mil,field,SILLow.8,SIL,8_24
M1555P254,8_0106.leaf,8_0106,leaf,ecotypes,2008,2011,3,Mil,field,JAM.17.A,JAM,8_03
M1555P255,8_0452.root,8_0452,root,ecotypes,2008,2011,3,Par,field,MAH.13.A,MAH,8_10
M1555P265,8_1225.root,8_1225,root,ecotypes,2008,2011,3,Sil,field,MIL.54.A,MIL,8_26
M1555P212,8_0773.root,8_0773,root,ecotypes,2008,2011,3,Jam,field,MAH.9.B,MAH,8_17
M1555P268,8_0016.leaf,8_0016,leaf,ecotypes,2008,2011,3,Par,field,PAR.17.A1,PAR,8_01
M1555P232,8_1071.root,8_1071,root,ecotypes,2008,2011,3,Sil,field,SILupper.2,SIL,8_23
M1555P203,8_0675.leaf,8_0675,leaf,ecotypes,2008,2011,3,Par,field,SILLow.2,SIL,8_15
M1555P188,8_0713.leaf,8_0713,leaf,ecotypes,2008,2011,3,Par,field,SILLow.3,SIL,8_15
M1555P272,8_1389.root,8_1389,root,ecotypes,2008,2011,3,Jam,field,PAR.9.A1,PAR,8_29
M1555P238,8_0663.root,8_0663,root,ecotypes,2008,2011,3,Sil,field,PAR.13.A,PAR,8_14
M1555P225,8_0497.leaf,8_0497,leaf,ecotypes,2008,2011,3,Mil,field,MIL.60.A,MIL,8_11
M1555P245,8_1137.leaf,8_1137,leaf,ecotypes,2008,2011,3,Mil,field,JAM.1.A,JAM,8_24
M1555P207,8_0909.root,8_0909,root,ecotypes,2008,2011,3,Sil,field,MIL.70.A,MIL,8_19
M1555P256,8_0612.root,8_0612,root,ecotypes,2008,2011,3,Jam,field,MIL.68.B,MIL,8_13
M1555P204,8_0719.leaf,8_0719,leaf,ecotypes,2008,2011,3,Par,field,PAR.17.A1,PAR,8_15
M1555P219,8_0690.root,8_0690,root,ecotypes,2008,2011,3,Par,field,JAM.22.A,JAM,8_15
M1555P276,8_0900.root,8_0900,root,ecotypes,2008,2011,3,Sil,field,PAR.22.A2,PAR,8_19
M1555P205,8_0195.root,8_0195,root,ecotypes,2008,2011,3,Sil,field,SILupper.2,SIL,8_05
M1555P271,8_0032.leaf,8_0032,leaf,ecotypes,2008,2011,3,Par,field,MIL.24.A,MIL,8_01
M1555P190,8_0328.root,8_0328,root,ecotypes,2008,2011,3,Jam,field,MAH.37.A,MAH,8_07
M1555P239,8_0174.root,8_0174,root,ecotypes,2008,2011,3,Jam,field,MAH.37.A,MAH,8_04
M1555P195,8_0016.root,8_0016,root,ecotypes,2008,2011,3,Par,field,PAR.17.A1,PAR,8_01
M1555P240,8_0776.root,8_0776,root,ecotypes,2008,2011,3,Jam,field,JAM.22.A,JAM,8_17
M1955P739,8_0392.leaf,8_0392,leaf,ecotypes,2008,2011,3,Mah,field,JAM.7.B,JAM,8_09
M1955P741,8_1436.root,8_1436,root,ecotypes,2008,2011,3,Mil,field,MIL.54.A,MIL,8_30
M1955P745,8_0833.root,8_0833,root,ecotypes,2008,2011,3,Mah,field,SILLow.7,SIL,8_18
M1955P750,8_0048.leaf,8_0048,leaf,ecotypes,2008,2011,3,Par,field,SILLow.1,SIL,8_01
M1955P764,8_0546.leaf,8_0546,leaf,ecotypes,2008,2011,3,Mah,field,SILupper.2,SIL,8_12
M1955P767,8_0909.leaf,8_0909,leaf,ecotypes,2008,2011,3,Sil,field,MIL.70.A,MIL,8_19
M1955P814,8_0663.leaf,8_0663,leaf,ecotypes,2008,2011,3,Sil,field,PAR.13.A,PAR,8_14
M1956P873,8_0910.leaf,8_0910,leaf,ecotypes,2008,2011,3,Sil,field,JAM.16.A,JAM,8_19
M1957P1002,8_1204.leaf,8_1204,leaf,ecotypes,2008,2011,3,Sil,field,SILLow.8,SIL,8_26
M1958P1060,8_0681.leaf,8_0681,leaf,ecotypes,2008,2011,3,Par,field,MAH.48.A,MAH,8_15
M1958P1020,8_0195.leaf,8_0195,leaf,ecotypes,2008,2011,3,Sil,field,SILupper.2,SIL,8_05
M1959P1171,8_1076.leaf,8_1076,leaf,ecotypes,2008,2011,3,Sil,field,MAH.5.A,MAH,8_23
M1960P1224,8_1225.leaf,8_1225,leaf,ecotypes,2008,2011,3,Sil,field,MIL.54.A,MIL,8_26
M1960P1254,8_1214.leaf,8_1214,leaf,ecotypes,2008,2011,3,Sil,field,JAM.40.A,JAM,8_26
M1961P1298,8_0647.leaf,8_0647,leaf,ecotypes,2008,2011,3,Sil,field,JAM.26.A,JAM,8_14
M1961P1321,8_1209.leaf,8_1209,leaf,ecotypes,2008,2011,3,Sil,field,PAR.22.A2,PAR,8_26
M1961P1333,8_0277.leaf,8_0277,leaf,ecotypes,2008,2011,3,Sil,field,MAH.38.B,MAH,8_06
M1961P1359,8_0203.leaf,8_0203,leaf,ecotypes,2008,2011,3,Sil,field,MAH.5.A,MAH,8_05
M1961P1364,8_0671.leaf,8_0671,leaf,ecotypes,2008,2011,3,Sil,field,SILLow.3,SIL,8_14
M1977P1696,8_0034.leaf,8_0034,leaf,ecotypes,2008,2011,3,Par,field,JAM.22.A,JAM,8_01
M1977P1698,8_0679.leaf,8_0679,leaf,ecotypes,2008,2011,3,Par,field,JAM.7.B,JAM,8_15
M1977P1705,8_0545.root,8_0545,root,ecotypes,2008,2011,3,Mah,field,SILLow.7,SIL,8_12
M1977P1706,8_1324.root,8_1324,root,ecotypes,2008,2011,3,Mah,field,SILLow.3,SIL,8_28
M1977P1711,8_0850.leaf,8_0850,leaf,ecotypes,2008,2011,3,Mah,field,PAR.29.B2,PAR,8_18
M1977P1717,8_0370.root,8_0370,root,ecotypes,2008,2011,3,Mil,field,MIL.32.A1,MIL,8_08
M1977P1719,8_0028.root,8_0028,root,ecotypes,2008,2011,3,Par,field,MAH.38.B,MAH,8_01
M1977P1737,8_1069.leaf,8_1069,leaf,ecotypes,2008,2011,3,Sil,field,JAM.40.A,JAM,8_23
M1977P1690,8_0713.root,8_0713,root,ecotypes,2008,2011,3,Par,field,SILLow.3,SIL,8_15
M1978P290,8_1209.root,8_1209,root,ecotypes,2008,2011,3,Sil,field,PAR.22.A2,PAR,8_26
M1978P293,8_0149.root,8_0149,root,ecotypes,2008,2011,3,Jam,field,SILLow.7,SIL,8_04
M1978P296,8_0681.root,8_0681,root,ecotypes,2008,2011,3,Par,field,MAH.48.A,MAH,8_15
M1978P300,8_0464.leaf,8_0464,leaf,ecotypes,2008,2011,3,Par,field,MAH.8.A1,MAH,8_10
M1978P306,8_0678.root,8_0678,root,ecotypes,2008,2011,3,Par,field,MIL.32.A1,MIL,8_15
M1978P307,8_0326.root,8_0326,root,ecotypes,2008,2011,3,Jam,field,MIL.60.A,MIL,8_07
M1978P308,8_0107.leaf,8_0107,leaf,ecotypes,2008,2011,3,Mil,field,JAM.15.A,JAM,8_03
M1978P314,8_1076.root,8_1076,root,ecotypes,2008,2011,3,Sil,field,MAH.5.A,MAH,8_23
M1978P316,8_0448.root,8_0448,root,ecotypes,2008,2011,3,Par,field,MAH.46.A,MAH,8_10
M1978P317,8_0910.root,8_0910,root,ecotypes,2008,2011,3,Sil,field,JAM.16.A,JAM,8_19
M1978P318,8_0250.root,8_0250,root,ecotypes,2008,2011,3,Sil,field,JAM.19.B,JAM,8_06
M1978P327,8_1061.root,8_1061,root,ecotypes,2008,2011,3,Sil,field,MIL.54.A,MIL,8_23
M1978P350,8_0675.root,8_0675,root,ecotypes,2008,2011,3,Par,field,SILLow.2,SIL,8_15
M1978P353,8_0034.root,8_0034,root,ecotypes,2008,2011,3,Par,field,JAM.22.A,JAM,8_01
M1978P356,8_0803.root,8_0803,root,ecotypes,2008,2011,3,Jam,field,MIL.20.B,MIL,8_17
M1978P359,8_1032.root,8_1032,root,ecotypes,2008,2011,3,Jam,field,JAM.15.A,JAM,8_22
M1978P361,8_0373.leaf,8_0373,leaf,ecotypes,2008,2011,3,Mil,field,MIL.54.A,MIL,8_08
M1979P422,8_0158.root,8_0158,root,ecotypes,2008,2011,3,Jam,field,JAM.6.A,JAM,8_04
M1979P426,8_0206.root,8_0206,root,ecotypes,2008,2011,3,Sil,field,SILLow.7,SIL,8_05
M1979P430,8_0704.leaf,8_0704,leaf,ecotypes,2008,2011,3,Par,field,MIL.68.B,MIL,8_15
M1979P442,8_1324.leaf,8_1324,leaf,ecotypes,2008,2011,3,Mah,field,SILLow.3,SIL,8_28
M1979P447,8_0096.leaf,8_0096,leaf,ecotypes,2008,2011,3,Mah,field,PAR.9.A1,PAR,8_02
M1979P449,8_0926.root,8_0926,root,ecotypes,2008,2011,3,Mil,field,PAR.29.B2,PAR,8_20
M1979P454,8_0106.root,8_0106,root,ecotypes,2008,2011,3,Mil,field,JAM.17.A,JAM,8_03
M1979P458,8_0548.root,8_0548,root,ecotypes,2008,2011,3,Mah,field,JAM.40.A,JAM,8_12
M1979P439,8_0609.leaf,8_0609,leaf,ecotypes,2008,2011,3,Jam,field,SILLow.2,SIL,8_13
M1979P420,8_0932.leaf,8_0932,leaf,ecotypes,2008,2011,3,Mil,field,MIL.54.A,MIL,8_20
M1979P383,8_0775.root,8_0775,root,ecotypes,2008,2011,3,Jam,field,SILLow.5,SIL,8_17
M1979P394,8_0024.root,8_0024,root,ecotypes,2008,2011,3,Par,field,MAH.8.A1,MAH,8_01
M1979P440,8_1368.leaf,8_1368,leaf,ecotypes,2008,2011,3,Jam,field,JAM.15.A,JAM,8_29
M1979P369,8_0243.root,8_0243,root,ecotypes,2008,2011,3,Sil,field,MIL.70.A,MIL,8_06
M1979P378,8_0672.root,8_0672,root,ecotypes,2008,2011,3,Sil,field,MIL.32.A1,MIL,8_14
M1979P381,8_0258.root,8_0258,root,ecotypes,2008,2011,3,Sil,field,SILLow.1,SIL,8_06
M1979P441,8_1047.leaf,8_1047,leaf,ecotypes,2008,2011,3,Jam,field,MAH.48.A,MAH,8_22
M1979P377,8_1436.leaf,8_1436,leaf,ecotypes,2008,2011,3,Mil,field,MIL.54.A,MIL,8_30
M1979P417,8_1214.root,8_1214,root,ecotypes,2008,2011,3,Sil,field,JAM.40.A,JAM,8_26
M1979P398,8_0690.leaf,8_0690,leaf,ecotypes,2008,2011,3,Par,field,JAM.22.A,JAM,8_15
M1979P404,8_0719.root,8_0719,root,ecotypes,2008,2011,3,Par,field,PAR.17.A1,PAR,8_15
M1979P370,8_1023.root,8_1023,root,ecotypes,2008,2011,3,Jam,field,MIL.68.B,MIL,8_22
M1979P451,8_0373.root,8_0373,root,ecotypes,2008,2011,3,Mil,field,MIL.54.A,MIL,8_08
M1980P461,8_0398.leaf,8_0398,leaf,ecotypes,2008,2011,3,Mah,field,SILupper.2,SIL,8_09
M1980P462,8_0157.leaf,8_0157,leaf,ecotypes,2008,2011,3,Jam,field,MIL.54.A,MIL,8_04
M1980P464,8_0998.leaf,8_0998,leaf,ecotypes,2008,2011,3,Mah,field,SILLow.7,SIL,8_21
M1980P469,8_0424.leaf,8_0424,leaf,ecotypes,2008,2011,3,Mah,field,MIL.24.A,MIL,8_09
M1980P470,8_0864.root,8_0864,root,ecotypes,2008,2011,3,Mah,field,SILupper.2,SIL,8_18
M1980P476,8_0850.root,8_0850,root,ecotypes,2008,2011,3,Mah,field,PAR.29.B2,PAR,8_18
M1980P477,8_0703.root,8_0703,root,ecotypes,2008,2011,3,Par,field,JAM.40.A,JAM,8_15
M1980P481,8_0775.leaf,8_0775,leaf,ecotypes,2008,2011,3,Jam,field,SILLow.5,SIL,8_17
M1980P484,8_1378.leaf,8_1378,leaf,ecotypes,2008,2011,3,Jam,field,MAH.16.A,MAH,8_29
M1980P487,8_0715.root,8_0715,root,ecotypes,2008,2011,3,Par,field,PAR.9.A1,PAR,8_15
M1980P489,8_0976.leaf,8_0976,leaf,ecotypes,2008,2011,3,Mah,field,JAM.1.A,JAM,8_21
M1980P491,8_0358.root,8_0358,root,ecotypes,2008,2011,3,Mil,field,SILLow.2,SIL,8_08
M1980P496,8_0419.leaf,8_0419,leaf,ecotypes,2008,2011,3,Mah,field,MAH.16.A,MAH,8_09
M1980P499,8_0821.root,8_0821,root,ecotypes,2008,2011,3,Mah,field,MAH.46.A,MAH,8_18
M1980P501,8_0833.leaf,8_0833,leaf,ecotypes,2008,2011,3,Mah,field,SILLow.7,SIL,8_18
M1980P503,8_1322.leaf,8_1322,leaf,ecotypes,2008,2011,3,Mah,field,JAM.7.B,JAM,8_28
M1980P513,8_0961.root,8_0961,root,ecotypes,2008,2011,3,Mah,field,SILupper.2,SIL,8_21
M1980P519,8_1337.root,8_1337,root,ecotypes,2008,2011,3,Mah,field,MIL.32.A1,MIL,8_28
M1980P520,8_0328.leaf,8_0328,leaf,ecotypes,2008,2011,3,Jam,field,MAH.37.A,MAH,8_07
M1980P532,8_0430.leaf,8_0430,leaf,ecotypes,2008,2011,3,Mah,field,SILLow.7,SIL,8_09
M1980P533,8_0318.leaf,8_0318,leaf,ecotypes,2008,2011,3,Jam,field,JAM.40.A,JAM,8_07
M1980P534,8_1333.root,8_1333,root,ecotypes,2008,2011,3,Mah,field,MAH.16.A,MAH,8_28
M1980P535,8_0573.root,8_0573,root,ecotypes,2008,2011,3,Mah,field,PAR.9.A1,PAR,8_12
M1980P539,8_0561.leaf,8_0561,leaf,ecotypes,2008,2011,3,Mah,field,MAH.37.A,MAH,8_12
M1980P540,8_0714.root,8_0714,root,ecotypes,2008,2011,3,Par,field,MIL.53.A,MIL,8_15
M1980P541,8_1337.leaf,8_1337,leaf,ecotypes,2008,2011,3,Mah,field,MIL.32.A1,MIL,8_28
M1980P543,8_1003.leaf,8_1003,leaf,ecotypes,2008,2011,3,Mah,field,PAR.29.B2,PAR,8_21
M1980P547,8_1400.root,8_1400,root,ecotypes,2008,2011,3,Mil,field,MAH.16.A,MAH,8_30
M1980P507,8_0828.root,8_0828,root,ecotypes,2008,2011,3,Mah,field,MIL.53.A,MIL,8_18
M1980P510,8_0961.leaf,8_0961,leaf,ecotypes,2008,2011,3,Mah,field,SILupper.2,SIL,8_21
M1980P494,8_0310.leaf,8_0310,leaf,ecotypes,2008,2011,3,Jam,field,SILLow.5,SIL,8_07
M1980P538,8_0821.leaf,8_0821,leaf,ecotypes,2008,2011,3,Mah,field,MAH.46.A,MAH,8_18
M1980P483,8_0991.leaf,8_0991,leaf,ecotypes,2008,2011,3,Mah,field,MAH.38.B,MAH,8_21
M1980P505,8_1013.leaf,8_1013,leaf,ecotypes,2008,2011,3,Jam,field,PAR.22.A2,PAR,8_22
M1980P506,8_0393.leaf,8_0393,leaf,ecotypes,2008,2011,3,Mah,field,PAR.13.A,PAR,8_09
M1980P486,8_0424.root,8_0424,root,ecotypes,2008,2011,3,Mah,field,MIL.24.A,MIL,8_09
M1980P471,8_0158.leaf,8_0158,leaf,ecotypes,2008,2011,3,Jam,field,JAM.6.A,JAM,8_04
M1980P502,8_0074.leaf,8_0074,leaf,ecotypes,2008,2011,3,Mah,field,JAM.15.A,JAM,8_02
M1981P555,8_1335.leaf,8_1335,leaf,ecotypes,2008,2011,3,Mah,field,SILupper.2,SIL,8_28
M1981P556,8_0593.leaf,8_0593,leaf,ecotypes,2008,2011,3,Jam,field,PAR.10.A6,PAR,8_13
M1981P560,8_1298.leaf,8_1298,leaf,ecotypes,2008,2011,3,Mah,field,PAR.9.A1,PAR,8_28
M1981P561,8_0790.leaf,8_0790,leaf,ecotypes,2008,2011,3,Jam,field,PAR.13.A,PAR,8_17
M1981P563,8_0053.leaf,8_0053,leaf,ecotypes,2008,2011,3,Mah,field,MAH.8.A1,MAH,8_02
M1981P564,8_0115.root,8_0115,root,ecotypes,2008,2011,3,Mil,field,MAH.48.A,MAH,8_03
M1981P565,8_0922.root,8_0922,root,ecotypes,2008,2011,3,Mil,field,MAH.11.A,MAH,8_20
M1981P569,8_0464.root,8_0464,root,ecotypes,2008,2011,3,Par,field,MAH.8.A1,MAH,8_10
M1981P573,8_0976.root,8_0976,root,ecotypes,2008,2011,3,Mah,field,JAM.1.A,JAM,8_21
M1981P575,8_0914.root,8_0914,root,ecotypes,2008,2011,3,Mil,field,MIL.32.A1,MIL,8_20
M1981P577,8_0573.leaf,8_0573,leaf,ecotypes,2008,2011,3,Mah,field,PAR.9.A1,PAR,8_12
M1981P578,8_0392.root,8_0392,root,ecotypes,2008,2011,3,Mah,field,JAM.7.B,JAM,8_09
M1981P582,8_1023.leaf,8_1023,leaf,ecotypes,2008,2011,3,Jam,field,MIL.68.B,MIL,8_22
M1981P584,8_0864.leaf,8_0864,leaf,ecotypes,2008,2011,3,Mah,field,SILupper.2,SIL,8_18
M1981P586,8_0612.leaf,8_0612,leaf,ecotypes,2008,2011,3,Jam,field,MIL.68.B,MIL,8_13
M1981P587,8_0090.leaf,8_0090,leaf,ecotypes,2008,2011,3,Mah,field,SILLow.5,SIL,8_02
M1981P588,8_0546.root,8_0546,root,ecotypes,2008,2011,3,Mah,field,SILupper.2,SIL,8_12
M1981P589,8_0114.root,8_0114,root,ecotypes,2008,2011,3,Mil,field,MIL.21.B2,MIL,8_03
M1981P591,8_1322.root,8_1322,root,ecotypes,2008,2011,3,Mah,field,JAM.7.B,JAM,8_28
M1981P593,8_1389.leaf,8_1389,leaf,ecotypes,2008,2011,3,Jam,field,PAR.9.A1,PAR,8_29
M1981P594,8_1335.root,8_1335,root,ecotypes,2008,2011,3,Mah,field,SILupper.2,SIL,8_28
M1981P597,8_0545.leaf,8_0545,leaf,ecotypes,2008,2011,3,Mah,field,SILLow.7,SIL,8_12
M1981P598,8_1003.root,8_1003,root,ecotypes,2008,2011,3,Mah,field,PAR.29.B2,PAR,8_21
M1981P599,8_0087.leaf,8_0087,leaf,ecotypes,2008,2011,3,Mah,field,MIL.20.B,MIL,8_02
M1981P606,8_0074.root,8_0074,root,ecotypes,2008,2011,3,Mah,field,JAM.15.A,JAM,8_02
M1981P609,8_0589.leaf,8_0589,leaf,ecotypes,2008,2011,3,Jam,field,JAM.6.A,JAM,8_13
M1981P611,8_0087.root,8_0087,root,ecotypes,2008,2011,3,Mah,field,MIL.20.B,MIL,8_02
M1981P614,8_0942.root,8_0942,root,ecotypes,2008,2011,3,Mil,field,MIL.53.A,MIL,8_20
M1981P616,8_0365.root,8_0365,root,ecotypes,2008,2011,3,Mil,field,MIL.68.B,MIL,8_08
M1981P618,8_0351.root,8_0351,root,ecotypes,2008,2011,3,Mil,field,MAH.13.A,MAH,8_08
M1981P619,8_0970.root,8_0970,root,ecotypes,2008,2011,3,Mah,field,MIL.68.B,MIL,8_21
M1981P623,8_0174.leaf,8_0174,leaf,ecotypes,2008,2011,3,Jam,field,MAH.37.A,MAH,8_04
M1981P626,8_1388.leaf,8_1388,leaf,ecotypes,2008,2011,3,Jam,field,SILLow.7,SIL,8_29
M1981P631,8_0393.root,8_0393,root,ecotypes,2008,2011,3,Mah,field,PAR.13.A,PAR,8_09
M1981P632,8_0776.leaf,8_0776,leaf,ecotypes,2008,2011,3,Jam,field,JAM.22.A,JAM,8_17
M1981P636,8_1333.leaf,8_1333,leaf,ecotypes,2008,2011,3,Mah,field,MAH.16.A,MAH,8_28
M1981P638,8_0608.leaf,8_0608,leaf,ecotypes,2008,2011,3,Jam,field,MAH.16.A,MAH,8_13
M1981P639,8_1382.leaf,8_1382,leaf,ecotypes,2008,2011,3,Jam,field,MIL.70.A,MIL,8_29
M1981P643,8_0098.root,8_0098,root,ecotypes,2008,2011,3,Mil,field,MAH.8.A1,MAH,8_03
M1982P701,8_0096.root,8_0096,root,ecotypes,2008,2011,3,Mah,field,PAR.9.A1,PAR,8_02
M1982P729,8_0090.root,8_0090,root,ecotypes,2008,2011,3,Mah,field,SILLow.5,SIL,8_02
M1982P728,8_0488.root,8_0488,root,ecotypes,2008,2011,3,Mil,field,JAM.17.A,JAM,8_11
M1982P663,8_1048.leaf,8_1048,leaf,ecotypes,2008,2011,3,Jam,field,SILLow.2,SIL,8_22
M1982P696,8_0327.leaf,8_0327,leaf,ecotypes,2008,2011,3,Jam,field,PAR.22.A2,PAR,8_07
M1982P691,8_0698.root,8_0698,root,ecotypes,2008,2011,3,Par,field,MAH.9.B,MAH,8_15
M1982P730,8_0998.root,8_0998,root,ecotypes,2008,2011,3,Mah,field,SILLow.7,SIL,8_21
M1982P705,8_0773.leaf,8_0773,leaf,ecotypes,2008,2011,3,Jam,field,MAH.9.B,MAH,8_17
M1982P667,8_0398.root,8_0398,root,ecotypes,2008,2011,3,Mah,field,SILupper.2,SIL,8_09
M1982P670,8_0932.root,8_0932,root,ecotypes,2008,2011,3,Mil,field,MIL.54.A,MIL,8_20
M1982P661,8_0149.leaf,8_0149,leaf,ecotypes,2008,2011,3,Jam,field,SILLow.7,SIL,8_04
M1982P651,8_0677.root,8_0677,root,ecotypes,2008,2011,3,Par,field,JAM.26.A,JAM,8_15
M1982P664,8_0803.leaf,8_0803,leaf,ecotypes,2008,2011,3,Jam,field,MIL.20.B,MIL,8_17
M1982P711,8_0326.leaf,8_0326,leaf,ecotypes,2008,2011,3,Jam,field,MIL.60.A,MIL,8_07
M1982P645,8_0561.root,8_0561,root,ecotypes,2008,2011,3,Mah,field,MAH.37.A,MAH,8_12
M1982P662,8_0107.root,8_0107,root,ecotypes,2008,2011,3,Mil,field,JAM.15.A,JAM,8_03
M1982P679,8_1032.leaf,8_1032,leaf,ecotypes,2008,2011,3,Jam,field,JAM.15.A,JAM,8_22
M1982P720,8_1298.root,8_1298,root,ecotypes,2008,2011,3,Mah,field,PAR.9.A1,PAR,8_28
M1982P710,8_1140.root,8_1140,root,ecotypes,2008,2011,3,Mil,field,SILLow.8,SIL,8_24
M1982P646,8_0853.leaf,8_0853,leaf,ecotypes,2008,2011,3,Mah,field,JAM.6.A,JAM,8_18
M1982P724,8_0101.root,8_0101,root,ecotypes,2008,2011,3,Mil,field,MIL.60.A,MIL,8_03
M1982P683,8_0828.leaf,8_0828,leaf,ecotypes,2008,2011,3,Mah,field,MIL.53.A,MIL,8_18
M1982P703,8_0853.root,8_0853,root,ecotypes,2008,2011,3,Mah,field,JAM.6.A,JAM,8_18
M1982P655,8_0167.leaf,8_0167,leaf,ecotypes,2008,2011,3,Jam,field,PAR.17.A1,PAR,8_04
M1982P707,8_0419.root,8_0419,root,ecotypes,2008,2011,3,Mah,field,MAH.16.A,MAH,8_09
M1982P700,8_0915.root,8_0915,root,ecotypes,2008,2011,3,Mil,field,MIL.50.A,MIL,8_20
M1024P1782,MT_1021.root,MT_1021,root,fieldBCMA,2008,2011,3,LTM,field,32,ril,ril12
M1024P1791,R_073.root,R_073,root,fieldBCMA,2008,2011,3,LTM,field,73,ril,NA
M1024P1805,MT_120.root,MT_120,root,fieldBCMA,2008,2011,3,LTM,field,190,ril,ril02
M1024P1775,MT_765.root,MT_765,root,fieldBCMA,2008,2011,3,LTM,field,154,ril,ril09
M1024P1790,MT_017.root,MT_017,root,fieldBCMA,2008,2011,3,LTM,field,151,ril,ril01
M1024P1794,MT_878.root,MT_878,root,fieldBCMA,2008,2011,3,LTM,field,200,ril,ril10
M1024P1814,MT_1058.root,MT_1058,root,fieldBCMA,2008,2011,3,LTM,field,LTM,ril,ril12
M1024P1799,MT_1010.root,MT_1010,root,fieldBCMA,2008,2011,3,LTM,field,83,ril,ril12
M1024P1779,MT_051.root,MT_051,root,fieldBCMA,2008,2011,3,LTM,field,62,ril,ril01
M1024P1773,MT_553.root,MT_553,root,fieldBCMA,2008,2011,3,LTM,field,104,ril,ril07
M1024P1788,R_026.root,R_026,root,fieldBCMA,2008,2011,3,LTM,field,26,ril,NA
M1024P1819,MT_496.root,MT_496,root,fieldBCMA,2008,2011,3,LTM,field,56,ril,ril06
M1024P1783,MT_865.root,MT_865,root,fieldBCMA,2008,2011,3,LTM,field,69,ril,ril10
M1551P7,8_0926.leaf,8_0926,leaf,ecotypes,2008,2011,3,Mil,field,PAR.29.B2,PAR,8_20
M1551P65,8_0922.leaf,8_0922,leaf,ecotypes,2008,2011,3,Mil,field,MAH.11.A,MAH,8_20
M1551P20,8_0028.leaf,8_0028,leaf,ecotypes,2008,2011,3,Par,field,MAH.38.B,MAH,8_01
M1551P35,8_0008.leaf,8_0008,leaf,ecotypes,2008,2011,3,Par,field,MIL.53.A,MIL,8_01
M1551P16,8_0383.leaf,8_0383,leaf,ecotypes,2008,2011,3,Mil,field,JAM.22.A,JAM,8_08
M1551P70,8_0958.leaf,8_0958,leaf,ecotypes,2008,2011,3,Mil,field,MIL.60.A,MIL,8_20
M1551P51,8_0915.leaf,8_0915,leaf,ecotypes,2008,2011,3,Mil,field,MIL.50.A,MIL,8_20
M1554P112,8_0274.root,8_0274,root,ecotypes,2008,2011,3,Sil,field,PAR.13.A,PAR,8_06
M1554P124,8_0647.root,8_0647,root,ecotypes,2008,2011,3,Sil,field,JAM.26.A,JAM,8_14
M1554P163,8_0631.root,8_0631,root,ecotypes,2008,2011,3,Sil,field,MAH.48.A,MAH,8_14
M1690P1397,8_0250.leaf,8_0250,leaf,ecotypes,2008,2011,3,Sil,field,JAM.19.B,JAM,8_06
M1690P1399,8_0204.leaf,8_0204,leaf,ecotypes,2008,2011,3,Sil,field,JAM.6.A,JAM,8_05
M1955P738,8_0991.root,8_0991,root,ecotypes,2008,2011,3,Mah,field,MAH.38.B,MAH,8_21
M1955P749,8_0383.root,8_0383,root,ecotypes,2008,2011,3,Mil,field,JAM.22.A,JAM,8_08
M1955P757,8_0493.root,8_0493,root,ecotypes,2008,2011,3,Mil,field,MIL.70.A,MIL,8_11
M1955P766,8_0958.root,8_0958,root,ecotypes,2008,2011,3,Mil,field,MIL.60.A,MIL,8_20
M1955P817,8_1203.leaf,8_1203,leaf,ecotypes,2008,2011,3,Sil,field,MAH.38.B,MAH,8_26
M1955P819,8_0206.leaf,8_0206,leaf,ecotypes,2008,2011,3,Sil,field,SILLow.7,SIL,8_05
M1956P915,8_1061.leaf,8_1061,leaf,ecotypes,2008,2011,3,Sil,field,MIL.54.A,MIL,8_23
M1956P853,8_0258.leaf,8_0258,leaf,ecotypes,2008,2011,3,Sil,field,SILLow.1,SIL,8_06
M1956P899,8_0897.leaf,8_0897,leaf,ecotypes,2008,2011,3,Sil,field,MAH.46.A,MAH,8_19
M1957P982,8_0243.leaf,8_0243,leaf,ecotypes,2008,2011,3,Sil,field,MIL.70.A,MIL,8_06
M1959P1106,8_0898.leaf,8_0898,leaf,ecotypes,2008,2011,3,Sil,field,SILLow.2,SIL,8_19
M1959P1121,8_0196.leaf,8_0196,leaf,ecotypes,2008,2011,3,Sil,field,PAR.13.A,PAR,8_05
M1960P1219,8_0274.leaf,8_0274,leaf,ecotypes,2008,2011,3,Sil,field,PAR.13.A,PAR,8_06
M1960P1238,8_0900.leaf,8_0900,leaf,ecotypes,2008,2011,3,Sil,field,PAR.22.A2,PAR,8_19
M1961P1308,8_0672.leaf,8_0672,leaf,ecotypes,2008,2011,3,Sil,field,MIL.32.A1,MIL,8_14
M1961P1338,8_1064.leaf,8_1064,leaf,ecotypes,2008,2011,3,Sil,field,PAR.29.B2,PAR,8_23
M1961P1349,8_0448.leaf,8_0448,leaf,ecotypes,2008,2011,3,Par,field,MAH.46.A,MAH,8_10
M1961P1369,8_1071.leaf,8_1071,leaf,ecotypes,2008,2011,3,Sil,field,SILupper.2,SIL,8_23
M1977P1709,8_0053.root,8_0053,root,ecotypes,2008,2011,3,Mah,field,MAH.8.A1,MAH,8_02
M1977P1714,8_0430.root,8_0430,root,ecotypes,2008,2011,3,Mah,field,SILLow.7,SIL,8_09
M1978P303,8_0703.leaf,8_0703,leaf,ecotypes,2008,2011,3,Par,field,JAM.40.A,JAM,8_15
M1978P324,8_0678.leaf,8_0678,leaf,ecotypes,2008,2011,3,Par,field,MIL.32.A1,MIL,8_15
M1978P339,8_0488.leaf,8_0488,leaf,ecotypes,2008,2011,3,Mil,field,JAM.17.A,JAM,8_11
M1980P475,8_0560.root,8_0560,root,ecotypes,2008,2011,3,Mah,field,MIL.70.A,MIL,8_12
M1982P709,8_0560.leaf,8_0560,leaf,ecotypes,2008,2011,3,Mah,field,MIL.70.A,MIL,8_12
M1955P759,8_1137.root,8_1137,root,ecotypes,2008,2011,3,Mil,field,JAM.1.A,JAM,8_24
